2024-11-14 16:37:24,Hareket algılandı!
2024-11-14 16:37:25,Hareket algılandı!
2024-11-14 16:37:26,Hareket algılandı!
2024-11-14 16:37:36,Hareket algılandı!
2024-11-14 16:37:37,Hareket algılandı!
2024-11-14 16:37:39,Hareket algılandı!
2024-11-14 16:38:03,Hareket algılandı!
2024-11-14 16:38:04,Hareket algılandı!
2024-11-14 16:38:05,Hareket algılandı!
2024-11-14 16:38:12,Hareket algılandı!
2024-11-14 16:38:13,Hareket algılandı!
2024-11-14 16:38:14,Hareket algılandı!
2024-11-14 16:38:23,Hareket algılandı!
2024-11-14 16:38:24,Hareket algılandı!
2024-11-14 16:38:26,Hareket algılandı!
2024-11-14 16:38:36,Hareket algılandı!
2024-11-14 16:38:37,Hareket algılandı!
2024-11-14 16:38:38,Hareket algılandı!
2024-11-14 16:38:39,Hareket algılandı!
2024-11-14 16:38:40,Hareket algılandı!
2024-11-14 16:38:41,Hareket algılandı!
2024-11-14 16:38:42,Hareket algılandı!
2024-11-14 16:38:43,Hareket algılandı!
2024-11-14 16:38:44,Hareket algılandı!
2024-11-14 16:38:45,Hareket algılandı!
2024-11-14 16:38:47,Hareket algılandı!
2024-11-14 16:38:48,Hareket algılandı!
2024-11-14 16:38:49,Hareket algılandı!
2024-11-14 16:38:50,Hareket algılandı!
2024-11-14 16:38:51,Hareket algılandı!
2024-11-14 16:38:52,Hareket algılandı!
2024-11-14 16:38:53,Hareket algılandı!
2024-11-14 16:38:54,Hareket algılandı!
2024-11-14 16:38:55,Hareket algılandı!
2024-11-14 16:38:56,Hareket algılandı!
2024-11-14 16:38:58,Hareket algılandı!
2024-11-14 16:38:59,Hareket algılandı!
2024-11-14 16:39:00,Hareket algılandı!
2024-11-14 16:39:01,Hareket algılandı!
2024-11-14 16:39:02,Hareket algılandı!
2024-11-14 16:39:03,Hareket algılandı!
2024-11-14 16:39:04,Hareket algılandı!
2024-11-14 16:39:05,Hareket algılandı!
2024-11-14 16:39:06,Hareket algılandı!
2024-11-14 16:39:08,Hareket algılandı!
2024-11-14 16:39:09,Hareket algılandı!
2024-11-14 16:39:10,Hareket algılandı!
2024-11-14 16:39:11,Hareket algılandı!
2024-11-14 16:39:12,Hareket algılandı!
2024-11-14 16:39:13,Hareket algılandı!
2024-11-14 16:39:14,Hareket algılandı!
2024-11-14 16:39:15,Hareket algılandı!
2024-11-14 16:39:16,Hareket algılandı!
2024-11-14 16:39:17,Hareket algılandı!
2024-11-14 16:39:19,Hareket algılandı!
2024-11-14 16:39:20,Hareket algılandı!
2024-11-14 16:39:21,Hareket algılandı!
2024-11-14 16:39:22,Hareket algılandı!
2024-11-14 16:39:23,Hareket algılandı!
2024-11-14 16:39:24,Hareket algılandı!
2024-11-14 16:39:25,Hareket algılandı!
2024-11-14 16:39:26,Hareket algılandı!
2024-11-14 16:39:27,Hareket algılandı!
2024-11-14 16:39:28,Hareket algılandı!
2024-11-14 16:39:30,Hareket algılandı!
2024-11-14 16:39:31,Hareket algılandı!
2024-11-14 16:39:32,Hareket algılandı!
2024-11-14 16:39:33,Hareket algılandı!
2024-11-14 16:39:34,Hareket algılandı!
2024-11-14 16:39:35,Hareket algılandı!
2024-11-14 16:39:36,Hareket algılandı!
2024-11-14 16:39:37,Hareket algılandı!
2024-11-14 16:39:38,Hareket algılandı!
2024-11-14 16:39:39,Hareket algılandı!
2024-11-14 16:39:41,Hareket algılandı!
2024-11-14 16:39:42,Hareket algılandı!
2024-11-14 16:39:43,Hareket algılandı!
2024-11-14 16:39:44,Hareket algılandı!
2024-11-14 16:39:45,Hareket algılandı!
2024-11-14 16:39:46,Hareket algılandı!
2024-11-14 16:39:47,Hareket algılandı!
2024-11-14 16:39:48,Hareket algılandı!
2024-11-14 16:39:49,Hareket algılandı!
2024-11-14 16:39:50,Hareket algılandı!
2024-11-14 16:39:52,Hareket algılandı!
2024-11-14 16:39:53,Hareket algılandı!
2024-11-14 16:39:54,Hareket algılandı!
2024-11-14 16:39:55,Hareket algılandı!
2024-11-14 16:39:56,Hareket algılandı!
2024-11-14 16:39:57,Hareket algılandı!
2024-11-14 16:39:58,Hareket algılandı!
2024-11-14 16:39:59,Hareket algılandı!
2024-11-14 16:40:00,Hareket algılandı!
2024-11-14 16:40:01,Hareket algılandı!
2024-11-14 16:40:03,Hareket algılandı!
2024-11-14 16:40:04,Hareket algılandı!
2024-11-14 16:40:05,Hareket algılandı!
2024-11-14 16:40:06,Hareket algılandı!
2024-11-14 16:40:07,Hareket algılandı!
2024-11-14 16:40:08,Hareket algılandı!
2024-11-14 16:40:12,Hareket algılandı!
2024-11-14 16:40:14,Hareket algılandı!
2024-11-14 16:40:15,Hareket algılandı!
2024-11-14 16:40:16,Hareket algılandı!
2024-11-14 16:40:17,Hareket algılandı!
2024-11-14 16:40:18,Hareket algılandı!
2024-11-14 16:40:19,Hareket algılandı!
2024-11-14 16:40:20,Hareket algılandı!
2024-11-14 16:40:21,Hareket algılandı!
2024-11-14 16:40:22,Hareket algılandı!
2024-11-14 16:40:23,Hareket algılandı!
2024-11-14 16:40:25,Hareket algılandı!
2024-11-14 16:40:26,Hareket algılandı!
2024-11-14 16:40:27,Hareket algılandı!
2024-11-14 16:40:28,Hareket algılandı!
2024-11-14 16:40:29,Hareket algılandı!
2024-11-14 16:40:30,Hareket algılandı!
2024-11-14 16:40:31,Hareket algılandı!
2024-11-14 16:40:32,Hareket algılandı!
2024-11-14 16:40:33,Hareket algılandı!
2024-11-14 16:40:35,Hareket algılandı!
2024-11-14 16:40:36,Hareket algılandı!
2024-11-14 16:40:37,Hareket algılandı!
2024-11-14 16:40:38,Hareket algılandı!
2024-11-14 16:40:39,Hareket algılandı!
2024-11-14 16:40:40,Hareket algılandı!
2024-11-14 16:40:41,Hareket algılandı!
2024-11-14 16:40:42,Hareket algılandı!
2024-11-14 16:40:43,Hareket algılandı!
2024-11-14 16:40:44,Hareket algılandı!
2024-11-14 16:40:46,Hareket algılandı!
2024-11-14 16:40:47,Hareket algılandı!
2024-11-14 16:40:48,Hareket algılandı!
2024-11-14 16:40:49,Hareket algılandı!
2024-11-14 16:40:50,Hareket algılandı!
2024-11-14 16:40:51,Hareket algılandı!
2024-11-14 16:40:52,Hareket algılandı!
2024-11-14 16:40:53,Hareket algılandı!
2024-11-14 16:40:54,Hareket algılandı!
2024-11-14 16:40:55,Hareket algılandı!
2024-11-14 16:40:57,Hareket algılandı!
2024-11-14 16:40:58,Hareket algılandı!
2024-11-14 16:40:59,Hareket algılandı!
2024-11-14 16:41:00,Hareket algılandı!
2024-11-14 16:41:01,Hareket algılandı!
2024-11-14 16:41:02,Hareket algılandı!
2024-11-14 16:41:03,Hareket algılandı!
2024-11-14 16:41:04,Hareket algılandı!
2024-11-14 16:41:05,Hareket algılandı!
2024-11-14 16:41:07,Hareket algılandı!
2024-11-14 16:41:08,Hareket algılandı!
2024-11-14 16:41:13,Hareket algılandı!
2024-11-14 16:41:14,Hareket algılandı!
2024-11-14 16:41:15,Hareket algılandı!
2024-11-14 16:41:16,Hareket algılandı!
2024-11-14 16:41:17,Hareket algılandı!
2024-11-14 16:41:18,Hareket algılandı!
2024-11-14 16:41:19,Hareket algılandı!
2024-11-14 16:41:20,Hareket algılandı!
2024-11-14 16:41:30,Hareket algılandı!
2024-11-14 16:41:31,Hareket algılandı!
2024-11-14 16:41:32,Hareket algılandı!
2024-11-14 16:41:33,Hareket algılandı!
2024-11-14 16:41:34,Hareket algılandı!
2024-11-14 16:41:35,Hareket algılandı!
2024-11-14 16:41:36,Hareket algılandı!
2024-11-14 16:41:37,Hareket algılandı!
2024-11-14 16:41:38,Hareket algılandı!
2024-11-14 16:41:39,Hareket algılandı!
2024-11-14 16:41:41,Hareket algılandı!
2024-11-14 16:41:42,Hareket algılandı!
2024-11-14 16:41:43,Hareket algılandı!
2024-11-14 16:41:44,Hareket algılandı!
2024-11-14 16:41:45,Hareket algılandı!
2024-11-14 16:41:46,Hareket algılandı!
2024-11-14 16:41:51,Hareket algılandı!
2024-11-14 16:41:57,Hareket algılandı!
2024-11-14 16:42:02,Hareket algılandı!
2024-11-14 16:42:07,Hareket algılandı!
2024-11-14 16:42:08,Hareket algılandı!
2024-11-14 16:42:09,Hareket algılandı!
2024-11-14 16:42:10,Hareket algılandı!
2024-11-14 16:42:11,Hareket algılandı!
2024-11-14 16:42:13,Hareket algılandı!
2024-11-14 16:42:14,Hareket algılandı!
2024-11-14 16:42:15,Hareket algılandı!
2024-11-14 16:42:16,Hareket algılandı!
2024-11-14 16:42:17,Hareket algılandı!
2024-11-14 16:42:18,Hareket algılandı!
2024-11-14 16:42:19,Hareket algılandı!
2024-11-14 16:42:20,Hareket algılandı!
2024-11-14 16:42:21,Hareket algılandı!
2024-11-14 16:42:23,Hareket algılandı!
2024-11-14 16:42:24,Hareket algılandı!
2024-11-14 16:42:25,Hareket algılandı!
2024-11-14 16:42:26,Hareket algılandı!
2024-11-14 16:42:27,Hareket algılandı!
2024-11-14 16:42:28,Hareket algılandı!
2024-11-14 16:42:29,Hareket algılandı!
2024-11-14 16:42:30,Hareket algılandı!
2024-11-14 16:42:31,Hareket algılandı!
2024-11-14 16:42:32,Hareket algılandı!
2024-11-14 16:42:34,Hareket algılandı!
2024-11-14 16:42:35,Hareket algılandı!
2024-11-14 16:42:36,Hareket algılandı!
2024-11-14 16:42:37,Hareket algılandı!
2024-11-14 16:42:38,Hareket algılandı!
2024-11-14 16:42:39,Hareket algılandı!
2024-11-14 16:42:40,Hareket algılandı!
2024-11-14 16:42:41,Hareket algılandı!
2024-11-14 16:42:42,Hareket algılandı!
2024-11-14 16:42:43,Hareket algılandı!
2024-11-14 16:42:45,Hareket algılandı!
2024-11-14 16:42:46,Hareket algılandı!
2024-11-14 16:42:47,Hareket algılandı!
2024-11-14 16:42:48,Hareket algılandı!
2024-11-14 16:42:49,Hareket algılandı!
2024-11-14 16:42:50,Hareket algılandı!
2024-11-14 16:42:51,Hareket algılandı!
2024-11-14 16:42:52,Hareket algılandı!
2024-11-14 16:42:53,Hareket algılandı!
2024-11-14 16:42:54,Hareket algılandı!
2024-11-14 16:42:56,Hareket algılandı!
2024-11-14 16:42:57,Hareket algılandı!
2024-11-14 16:42:58,Hareket algılandı!
2024-11-14 16:42:59,Hareket algılandı!
2024-11-14 16:43:00,Hareket algılandı!
2024-11-14 16:43:01,Hareket algılandı!
2024-11-14 16:43:02,Hareket algılandı!
2024-11-14 16:43:03,Hareket algılandı!
2024-11-14 16:43:04,Hareket algılandı!
2024-11-14 16:43:05,Hareket algılandı!
2024-11-14 16:43:07,Hareket algılandı!
2024-11-14 16:43:08,Hareket algılandı!
2024-11-14 16:43:09,Hareket algılandı!
2024-11-14 16:43:10,Hareket algılandı!
2024-11-14 16:43:11,Hareket algılandı!
2024-11-14 16:43:12,Hareket algılandı!
2024-11-14 16:43:13,Hareket algılandı!
2024-11-14 16:43:45,Hareket algılandı!
2024-11-14 16:43:46,Hareket algılandı!
2024-11-14 16:43:47,Hareket algılandı!
2024-11-14 16:43:48,Hareket algılandı!
2024-11-14 16:43:49,Hareket algılandı!
2024-11-14 16:43:50,Hareket algılandı!
2024-11-14 16:43:51,Hareket algılandı!
2024-11-14 16:43:52,Hareket algılandı!
2024-11-14 16:43:53,Hareket algılandı!
2024-11-14 16:43:55,Hareket algılandı!
2024-11-14 16:43:56,Hareket algılandı!
2024-11-14 16:43:57,Hareket algılandı!
2024-11-14 16:43:58,Hareket algılandı!
2024-11-14 16:43:59,Hareket algılandı!
2024-11-14 16:44:00,Hareket algılandı!
2024-11-14 16:44:01,Hareket algılandı!
2024-11-14 16:44:02,Hareket algılandı!
2024-11-14 16:44:03,Hareket algılandı!
2024-11-14 16:44:04,Hareket algılandı!
2024-11-14 16:44:06,Hareket algılandı!
2024-11-14 16:44:07,Hareket algılandı!
2024-11-14 16:44:08,Hareket algılandı!
2024-11-14 16:44:09,Hareket algılandı!
2024-11-14 16:44:10,Hareket algılandı!
2024-11-14 16:44:11,Hareket algılandı!
2024-11-14 16:44:47,Hareket algılandı!
2024-11-14 16:44:48,Hareket algılandı!
2024-11-14 16:44:49,Hareket algılandı!
2024-11-14 16:44:50,Hareket algılandı!
2024-11-14 16:44:51,Hareket algılandı!
2024-11-14 16:44:52,Hareket algılandı!
2024-11-14 16:44:53,Hareket algılandı!
2024-11-14 16:44:55,Hareket algılandı!
2024-11-14 16:44:56,Hareket algılandı!
2024-11-14 16:44:57,Hareket algılandı!
2024-11-14 16:44:58,Hareket algılandı!
2024-11-14 16:44:59,Hareket algılandı!
2024-11-14 16:45:00,Hareket algılandı!
2024-11-14 16:45:01,Hareket algılandı!
2024-11-14 16:45:02,Hareket algılandı!
2024-11-14 16:45:03,Hareket algılandı!
2024-11-14 16:45:04,Hareket algılandı!
2024-11-14 16:45:06,Hareket algılandı!
2024-11-14 16:45:07,Hareket algılandı!
2024-11-14 16:45:08,Hareket algılandı!
2024-11-14 16:45:09,Hareket algılandı!
2024-11-14 16:45:10,Hareket algılandı!
2024-11-14 16:45:11,Hareket algılandı!
2024-11-14 16:45:12,Hareket algılandı!
2024-11-14 16:45:13,Hareket algılandı!
2024-11-14 16:45:35,Hareket algılandı!
2024-11-14 16:45:37,Hareket algılandı!
2024-11-14 16:45:38,Hareket algılandı!
2024-11-14 16:45:39,Hareket algılandı!
2024-11-14 16:45:40,Hareket algılandı!
2024-11-14 16:45:41,Hareket algılandı!
2024-11-14 16:45:42,Hareket algılandı!
2024-11-14 16:45:43,Hareket algılandı!
2024-11-14 16:45:44,Hareket algılandı!
2024-11-14 16:45:45,Hareket algılandı!
2024-11-14 16:45:46,Hareket algılandı!
2024-11-14 16:45:48,IT Ofis Hareket algılandı!
2024-11-14 16:45:49,IT Ofis Hareket algılandı!
2024-11-14 16:45:50,IT Ofis Hareket algılandı!
2024-11-14 16:45:51,IT Ofis Hareket algılandı!
2024-11-14 16:45:52,IT Ofis Hareket algılandı!
2024-11-14 16:45:53,IT Ofis Hareket algılandı!
2024-11-14 16:45:54,IT Ofis Hareket algılandı!
2024-11-14 16:45:56,IT Ofis Hareket algılandı!
2024-11-14 16:45:57,IT Ofis Hareket algılandı!
2024-11-14 16:45:58,IT Ofis Hareket algılandı!
2024-11-14 16:45:59,IT Ofis Hareket algılandı!
2024-11-14 16:46:00,IT Ofis Hareket algılandı!
2024-11-14 16:46:01,IT Ofis Hareket algılandı!
2024-11-14 16:46:02,IT Ofis Hareket algılandı!
2024-11-14 16:46:08,IT Ofis Hareket algılandı!
2024-11-14 16:46:09,IT Ofis Hareket algılandı!
2024-11-14 16:46:10,IT Ofis Hareket algılandı!
2024-11-14 16:46:11,IT Ofis Hareket algılandı!
2024-11-14 16:46:12,IT Ofis Hareket algılandı!
2024-11-14 16:46:13,IT Ofis Hareket algılandı!
2024-11-14 16:46:14,IT Ofis Hareket algılandı!
2024-11-14 16:46:15,IT Ofis Hareket algılandı!
2024-11-14 16:46:17,IT Ofis Hareket algılandı!
2024-11-14 16:46:18,IT Ofis Hareket algılandı!
2024-11-14 16:46:19,IT Ofis Hareket algılandı!
2024-11-14 16:46:20,IT Ofis Hareket algılandı!
2024-11-14 16:46:21,IT Ofis Hareket algılandı!
2024-11-14 16:46:22,IT Ofis Hareket algılandı!
2024-11-14 16:46:23,IT Ofis Hareket algılandı!
2024-11-14 16:46:24,IT Ofis Hareket algılandı!
2024-11-14 16:46:25,IT Ofis Hareket algılandı!
2024-11-14 16:46:27,IT Ofis Hareket algılandı!
2024-11-14 16:46:28,IT Ofis Hareket algılandı!
2024-11-14 16:46:29,IT Ofis Hareket algılandı!
2024-11-14 16:46:30,IT Ofis Hareket algılandı!
2024-11-14 16:46:31,IT Ofis Hareket algılandı!
2024-11-14 16:46:32,IT Ofis Hareket algılandı!
2024-11-14 16:46:33,IT Ofis Hareket algılandı!
2024-11-14 16:46:34,IT Ofis Hareket algılandı!
2024-11-14 16:46:40,IT Ofis Hareket algılandı!
2024-11-14 16:46:41,IT Ofis Hareket algılandı!
2024-11-14 16:46:42,IT Ofis Hareket algılandı!
2024-11-14 16:46:43,IT Ofis Hareket algılandı!
2024-11-14 16:46:44,IT Ofis Hareket algılandı!
2024-11-14 16:46:46,IT Ofis Hareket algılandı!
2024-11-14 16:46:47,IT Ofis Hareket algılandı!
2024-11-14 16:46:48,IT Ofis Hareket algılandı!
2024-11-14 16:46:49,IT Ofis Hareket algılandı!
2024-11-14 16:46:50,IT Ofis Hareket algılandı!
2024-11-14 16:46:51,IT Ofis Hareket algılandı!
2024-11-14 16:46:52,IT Ofis Hareket algılandı!
2024-11-14 16:46:53,IT Ofis Hareket algılandı!
2024-11-14 16:46:54,IT Ofis Hareket algılandı!
2024-11-14 16:46:55,IT Ofis Hareket algılandı!
2024-11-14 16:46:57,IT Ofis Hareket algılandı!
2024-11-14 16:46:58,IT Ofis Hareket algılandı!
2024-11-14 16:46:59,IT Ofis Hareket algılandı!
2024-11-14 16:47:00,IT Ofis Hareket algılandı!
2024-11-14 16:47:01,IT Ofis Hareket algılandı!
2024-11-14 16:47:02,IT Ofis Hareket algılandı!
2024-11-14 16:47:03,IT Ofis Hareket algılandı!
2024-11-14 16:47:04,IT Ofis Hareket algılandı!
2024-11-14 16:47:05,IT Ofis Hareket algılandı!
2024-11-14 16:47:07,IT Ofis Hareket algılandı!
2024-11-14 16:49:15,Hareket alg?land?!,1
2024-11-14 16:49:16,Hareket alg?land?!,1
2024-11-14 16:49:17,Hareket alg?land?!,1
2024-11-14 16:49:18,Hareket alg?land?!,1
2024-11-14 16:49:19,Hareket alg?land?!,1
2024-11-14 16:49:20,Hareket alg?land?!,1
2024-11-14 16:49:21,Hareket alg?land?!,1
2024-11-14 16:49:23,Hareket alg?land?!,1
2024-11-14 16:49:24,Hareket alg?land?!,1
2024-11-14 16:49:25,Hareket alg?land?!,1
2024-11-14 16:49:26,Hareket alg?land?!,1
2024-11-14 16:49:27,Hareket alg?land?!,1
2024-11-14 16:49:28,Hareket alg?land?!,1
2024-11-14 16:49:29,Hareket alg?land?!,1
2024-11-14 16:49:30,Hareket alg?land?!,1
2024-11-14 16:49:31,Hareket alg?land?!,1
2024-11-14 16:49:32,Hareket alg?land?!,1
2024-11-14 16:49:34,Hareket alg?land?!,1
2024-11-14 16:49:35,Hareket alg?land?!,1
2024-11-14 16:49:36,Hareket alg?land?!,1
2024-11-14 16:49:37,Hareket alg?land?!,1
2024-11-14 16:49:38,Hareket alg?land?!,1
2024-11-14 16:49:39,Hareket alg?land?!,1
2024-11-14 16:49:40,Hareket alg?land?!,1
2024-11-14 16:49:41,Hareket alg?land?!,1
2024-11-14 16:50:47,Hareket alg?land?!,1
2024-11-14 16:53:05,Hareket algılandı!,1
2024-11-14 16:54:38,Hareket algılandı!,1
2024-11-14 16:55:12,Hareket algılandı!,1
2024-11-14 16:56:21,Hareket algılandı!,1
2024-11-14 17:03:45,Hareket algılandı!,1
2024-11-14 17:04:18,Hareket algılandı!,1
2024-11-14 17:05:01,Hareket algılandı!,1
2024-11-14 17:13:46,Hareket algılandı!,1
2024-11-14 17:16:26,Hareket algılandı!,1
2024-11-14 17:17:18,Hareket algılandı!,1
2024-11-14 17:18:12,Hareket algılandı!,1
2024-11-14 17:18:55,Hareket algılandı!,1
2024-11-14 17:19:30,Hareket algılandı!,1
2024-11-14 17:20:45,Hareket algılandı!,1
2024-11-14 17:25:51,Hareket algılandı!,1
2024-11-14 17:27:37,Hareket algılandı!,1
2024-11-14 17:29:01,Hareket algılandı!,1
2024-11-14 17:30:52,Hareket algılandı!,1
2024-11-14 17:31:49,Hareket algılandı!,1
2024-11-14 17:32:21,Hareket algılandı!,1
2024-11-14 17:33:59,Hareket algılandı!,1
2024-11-14 17:34:38,Hareket algılandı!,1
2024-11-14 17:35:11,Hareket algılandı!,1
2024-11-14 17:37:44,Hareket algılandı!,1
2024-11-14 17:38:17,Hareket algılandı!,1
2024-11-15 07:28:18,Hareket algılandı!,1
2024-11-15 07:28:50,Hareket algılandı!,1
2024-11-15 07:29:24,Hareket algılandı!,1
2024-11-15 07:29:59,Hareket algılandı!,1
2024-11-15 07:30:31,Hareket algılandı!,1
2024-11-15 07:31:10,Hareket algılandı!,1
2024-11-15 07:31:43,Hareket algılandı!,1
2024-11-15 07:59:02,Hareket algılandı!,1
2024-11-15 07:59:45,Hareket algılandı!,1
2024-11-15 08:21:10,Hareket algılandı!,1
2024-11-15 11:25:41,Hareket algılandı!,1
2024-11-15 11:27:45,Hareket algılandı!,1
2024-11-15 11:49:28,Hareket algılandı!,1
2024-11-15 11:50:04,Hareket algılandı!,1
2024-11-15 12:09:50,Hareket algılandı!,1
2024-11-15 12:11:05,Hareket algılandı!,1
2024-11-15 13:36:23,Hareket algılandı!,1
2024-11-15 13:41:35,Hareket algılandı!,1
2024-11-15 13:42:13,Hareket algılandı!,1
2024-11-15 14:56:09,Hareket algılandı!,1
2024-11-15 16:18:28,Hareket algılandı!,1
2024-11-16 07:14:00,Hareket algılandı!,1
2024-11-18 08:38:57,Hareket algılandı!,1
2024-11-18 08:40:11,Hareket algılandı!,1
2024-11-18 08:40:45,Hareket algılandı!,1
2024-11-18 08:42:40,Hareket algılandı!,1
2024-11-18 08:44:27,Hareket algılandı!,1
2024-11-18 08:45:32,Hareket algılandı!,1
2024-11-18 08:46:34,Hareket algılandı!,1
2024-11-18 08:47:12,Hareket algılandı!,1
2024-11-18 08:51:07,Hareket algılandı!,1
2024-11-18 08:51:52,Hareket algılandı!,1
2024-11-18 08:54:01,Hareket algılandı!,1
2024-11-18 08:54:38,Hareket algılandı!,1
2024-11-18 08:56:13,Hareket algılandı!,1
2024-11-18 08:57:24,Hareket algılandı!,1
2024-11-18 08:57:57,Hareket algılandı!,1
2024-11-18 08:59:17,Hareket algılandı!,1
2024-11-18 09:00:37,Hareket algılandı!,1
2024-11-18 09:01:18,Hareket algılandı!,1
2024-11-18 09:02:25,Hareket algılandı!,1
2024-11-18 09:04:55,Hareket algılandı!,1
2024-11-18 09:05:39,Hareket algılandı!,1
2024-11-18 09:06:18,Hareket algılandı!,1
2024-11-18 09:08:50,Hareket algılandı!,1
2024-11-18 09:09:28,Hareket algılandı!,1
2024-11-18 09:11:26,Hareket algılandı!,1
2024-11-18 09:13:01,Hareket algılandı!,1
2024-11-18 09:14:26,Hareket algılandı!,1
2024-11-18 09:17:29,Hareket algılandı!,1
2024-11-18 09:19:00,Hareket algılandı!,1
2024-11-18 09:20:09,Hareket algılandı!,1
2024-11-18 09:20:54,Hareket algılandı!,1
2024-11-18 09:23:10,Hareket algılandı!,1
2024-11-18 09:24:01,Hareket algılandı!,1
2024-11-18 09:24:54,Hareket algılandı!,1
2024-11-18 09:26:13,Hareket algılandı!,1
2024-11-18 09:27:04,Hareket algılandı!,1
2024-11-18 09:28:19,Hareket algılandı!,1
2024-11-18 09:31:49,Hareket algılandı!,1
2024-11-18 09:32:23,Hareket algılandı!,1
2024-11-18 09:33:50,Hareket algılandı!,1
2024-11-18 09:35:26,Hareket algılandı!,1
2024-11-18 09:36:07,Hareket algılandı!,1
2024-11-18 09:38:43,Hareket algılandı!,1
2024-11-18 09:39:25,Hareket algılandı!,1
2024-11-18 09:41:07,Hareket algılandı!,1
2024-11-18 09:41:48,Hareket algılandı!,1
2024-11-18 09:42:34,Hareket algılandı!,1
2024-11-18 09:43:07,Hareket algılandı!,1
2024-11-18 09:43:47,Hareket algılandı!,1
2024-11-18 09:44:36,Hareket algılandı!,1
2024-11-18 09:45:37,Hareket algılandı!,1
2024-11-18 09:46:49,Hareket algılandı!,1
2024-11-18 09:47:57,Hareket algılandı!,1
2024-11-18 09:49:41,Hareket algılandı!,1
2024-11-18 09:51:03,Hareket algılandı!,1
2024-11-18 09:52:52,Hareket algılandı!,1
2024-11-18 09:53:51,Hareket algılandı!,1
2024-11-18 09:57:28,Hareket algılandı!,1
2024-11-18 10:03:09,Hareket algılandı!,1
2024-11-18 10:03:43,Hareket algılandı!,1
2024-11-18 10:04:18,Hareket algılandı!,1
2024-11-18 10:07:00,Hareket algılandı!,1
2024-11-18 10:08:01,Hareket algılandı!,1
2024-11-18 10:09:54,Hareket algılandı!,1
2024-11-18 10:12:55,Hareket algılandı!,1
2024-11-18 10:13:29,Hareket algılandı!,1
2024-11-18 10:20:55,Hareket algılandı!,1
2024-11-18 10:25:31,Hareket algılandı!,1
2024-11-18 10:27:22,Hareket algılandı!,1
2024-11-18 10:30:38,Hareket algılandı!,1
2024-11-18 10:32:33,Hareket algılandı!,1
2024-11-18 10:33:20,Hareket algılandı!,1
2024-11-18 10:33:53,Hareket algılandı!,1
2024-11-18 10:35:23,Hareket algılandı!,1
2024-11-18 10:35:56,Hareket algılandı!,1
2024-11-18 10:36:30,Hareket algılandı!,1
2024-11-18 10:37:04,Hareket algılandı!,1
2024-11-18 10:37:45,Hareket algılandı!,1
2024-11-18 10:38:18,Hareket algılandı!,1
2024-11-18 10:38:52,Hareket algılandı!,1
2024-11-18 10:39:26,Hareket algılandı!,1
2024-11-18 10:40:13,Hareket algılandı!,1
2024-11-18 10:41:30,Hareket algılandı!,1
2024-11-18 10:42:04,Hareket algılandı!,1
2024-11-18 10:43:01,Hareket algılandı!,1
2024-11-18 10:44:56,Hareket algılandı!,1
2024-11-18 10:45:54,Hareket algılandı!,1
2024-11-18 10:47:00,Hareket algılandı!,1
2024-11-18 10:47:33,Hareket algılandı!,1
2024-11-18 10:48:07,Hareket algılandı!,1
2024-11-18 10:48:46,Hareket algılandı!,1
2024-11-18 10:49:19,Hareket algılandı!,1
2024-11-18 10:49:52,Hareket algılandı!,1
2024-11-18 10:50:25,Hareket algılandı!,1
2024-11-18 10:50:58,Hareket algılandı!,1
2024-11-18 10:51:32,Hareket algılandı!,1
2024-11-18 10:52:05,Hareket algılandı!,1
2024-11-18 10:52:38,Hareket algılandı!,1
2024-11-18 10:53:12,Hareket algılandı!,1
2024-11-18 11:38:46,Hareket algılandı!,1
2024-11-18 11:40:35,Hareket algılandı!,1
2024-11-18 11:42:11,Hareket algılandı!,1
2024-11-18 11:52:20,Hareket algılandı!,1
2024-11-18 12:08:07,Hareket algılandı!,1
2024-11-18 12:08:40,Hareket algılandı!,1
2024-11-18 12:09:19,Hareket algılandı!,1
2024-11-18 13:43:00,Hareket alg?land?!,1
2024-11-18 13:43:41,Hareket alg?land?!,1
2024-11-18 13:44:15,Hareket alg?land?!,1
2024-11-18 13:44:47,Hareket alg?land?!,1
2024-11-18 13:45:20,Hareket alg?land?!,1
2024-11-18 13:45:54,Hareket alg?land?!,1
2024-11-18 13:46:26,Hareket alg?land?!,1
2024-11-18 13:47:00,Hareket alg?land?!,1
2024-11-18 13:47:37,Hareket alg?land?!,1
2024-11-18 13:48:10,Hareket alg?land?!,1
2024-11-18 13:48:44,Hareket alg?land?!,1
2024-11-18 13:49:19,Hareket alg?land?!,1
2024-11-18 13:49:52,Hareket alg?land?!,1
2024-11-18 13:50:24,Hareket alg?land?!,1
2024-11-18 13:51:05,Hareket algılandı!,1
2024-11-18 13:51:34,Hareket algılandı!,1
2024-11-18 13:52:20,Hareket algılandı!,1
2024-11-18 13:52:54,Hareket algılandı!,1
2024-11-18 13:53:26,Hareket algılandı!,1
2024-11-18 13:53:58,Hareket algılandı!,1
2024-11-18 13:55:24,Hareket algılandı!,1
2024-11-18_13-56-03,Hareket alg?land?!,1
2024-11-18_13-56-58,Hareket alg?land?!,1
2024-11-18_13-57-31,Hareket alg?land?!,1
2024-11-18_13-58-11,Hareket alg?land?!,1
2024-11-18_14-30-04,Hareket alg?land?!,1
2024-11-18_14-54-25,Hareket alg?land?!,1
2024-11-18_15-21-38,Hareket alg?land?!,1
2024-11-18_15-36-20,Hareket alg?land?!,1
2024-11-18_15-36-56,Hareket alg?land?!,1
2024-11-18_15-37-29,Hareket alg?land?!,1
2024-11-18_15-38-08,Hareket alg?land?!,1
2024-11-18_15-39-10,Hareket alg?land?!,1
2024-11-18_15-39-46,Hareket alg?land?!,1
2024-11-18_15-48-58,Hareket alg?land?!,1
2024-11-18_15-58-31,Hareket alg?land?!,1
2024-11-18_16-00-49,Hareket alg?land?!,1
2024-11-18_16-11-02,Hareket alg?land?!,1
2024-11-18_16-13-21,Hareket alg?land?!,1
2024-11-18_16-15-28,Hareket alg?land?!,1
2024-11-18_16-16-01,Hareket alg?land?!,1
2024-11-18_16-16-34,Hareket alg?land?!,1
2024-11-18_16-17-12,Hareket alg?land?!,1
2024-11-18_16-17-44,Hareket alg?land?!,1
2024-11-18_16-18-38,Hareket alg?land?!,1
2024-11-18_16-20-28,Hareket alg?land?!,1
2024-11-18_16-22-39,Hareket alg?land?!,1
2024-11-18_16-23-12,Hareket alg?land?!,1
2024-11-18_16-23-58,Hareket alg?land?!,1
2024-11-18_16-24-31,Hareket alg?land?!,1
2024-11-18_16-25-13,Hareket alg?land?!,1
2024-11-18_16-25-47,Hareket alg?land?!,1
2024-11-18_16-26-21,Hareket alg?land?!,1
2024-11-18_16-26-54,Hareket alg?land?!,1
2024-11-18_16-27-28,Hareket alg?land?!,1
2024-11-18_16-32-20,Hareket alg?land?!,1
2024-11-18_16-41-41,Hareket alg?land?!,1
2024-11-18_17-36-02,Hareket alg?land?!,1
2024-11-18_17-38-14,Hareket alg?land?!,1
2024-11-18_17-41-59,Hareket alg?land?!,1
2024-11-18_17-49-41,Hareket alg?land?!,1
2024-11-18_17-52-14,Hareket alg?land?!,1
2024-11-18_18-00-26,Hareket alg?land?!,1
2024-11-18_18-02-23,Hareket alg?land?!,1
2024-11-18_18-17-43,Hareket alg?land?!,1
2024-11-18_18-23-54,Hareket alg?land?!,1
2024-11-18_18-33-07,Hareket alg?land?!,1
2024-11-18_18-49-40,Hareket alg?land?!,1
2024-11-18_18-57-28,Hareket alg?land?!,1
2024-11-18_19-02-17,Hareket alg?land?!,1
2024-11-18_19-02-54,Hareket alg?land?!,1
2024-11-18_19-15-55,Hareket alg?land?!,1
2024-11-18_19-35-30,Hareket alg?land?!,1
2024-11-18_19-40-33,Hareket alg?land?!,1
2024-11-18_19-42-54,Hareket alg?land?!,1
2024-11-18_19-52-39,Hareket alg?land?!,1
2024-11-18_19-55-03,Hareket alg?land?!,1
2024-11-18_19-56-15,Hareket alg?land?!,1
2024-11-18_19-59-41,Hareket alg?land?!,1
2024-11-18_20-01-54,Hareket alg?land?!,1
2024-11-18_20-21-32,Hareket alg?land?!,1
2024-11-18_20-23-57,Hareket alg?land?!,1
2024-11-18_20-35-52,Hareket alg?land?!,1
2024-11-18_20-45-51,Hareket alg?land?!,1
2024-11-18_20-57-45,Hareket alg?land?!,1
2024-11-18_21-16-54,Hareket alg?land?!,1
2024-11-18_21-25-19,Hareket alg?land?!,1
2024-11-18_21-26-42,Hareket alg?land?!,1
2024-11-18_21-31-08,Hareket alg?land?!,1
2024-11-18_21-36-54,Hareket alg?land?!,1
2024-11-18_21-55-23,Hareket alg?land?!,1
2024-11-18_21-57-38,Hareket alg?land?!,1
2024-11-18_22-23-09,Hareket alg?land?!,1
2024-11-18_22-33-55,Hareket alg?land?!,1
2024-11-18_22-36-39,Hareket alg?land?!,1
2024-11-18_22-40-24,Hareket alg?land?!,1
2024-11-18_22-58-54,Hareket alg?land?!,1
2024-11-18_23-05-56,Hareket alg?land?!,1
2024-11-18_23-33-54,Hareket alg?land?!,1
2024-11-18_23-52-40,Hareket alg?land?!,1
2024-11-18_23-54-40,Hareket alg?land?!,1
2024-11-19_00-20-38,Hareket alg?land?!,1
2024-11-19_00-27-50,Hareket alg?land?!,1
2024-11-19_00-30-03,Hareket alg?land?!,1
2024-11-19_00-34-34,Hareket alg?land?!,1
2024-11-19_00-43-17,Hareket alg?land?!,1
2024-11-19_00-46-27,Hareket alg?land?!,1
2024-11-19_00-51-29,Hareket alg?land?!,1
2024-11-19_00-57-58,Hareket alg?land?!,1
2024-11-19_01-04-43,Hareket alg?land?!,1
2024-11-19_01-10-21,Hareket alg?land?!,1
2024-11-19_01-12-54,Hareket alg?land?!,1
2024-11-19_01-16-20,Hareket alg?land?!,1
2024-11-19_01-29-16,Hareket alg?land?!,1
2024-11-19_01-31-34,Hareket alg?land?!,1
2024-11-19_01-41-54,Hareket alg?land?!,1
2024-11-19_01-51-45,Hareket alg?land?!,1
2024-11-19_01-55-12,Hareket alg?land?!,1
2024-11-19_01-56-26,Hareket alg?land?!,1
2024-11-19_02-09-11,Hareket alg?land?!,1
2024-11-19_02-33-16,Hareket alg?land?!,1
2024-11-19_02-43-05,Hareket alg?land?!,1
2024-11-19_02-45-54,Hareket alg?land?!,1
2024-11-19_02-46-42,Hareket alg?land?!,1
2024-11-19_02-47-21,Hareket alg?land?!,1
2024-11-19_03-27-47,Hareket alg?land?!,1
2024-11-19_03-48-21,Hareket alg?land?!,1
2024-11-19_03-51-15,Hareket alg?land?!,1
2024-11-19_03-56-07,Hareket alg?land?!,1
2024-11-19_03-57-08,Hareket alg?land?!,1
2024-11-19_03-58-01,Hareket alg?land?!,1
2024-11-19_04-18-49,Hareket alg?land?!,1
2024-11-19_04-21-30,Hareket alg?land?!,1
2024-11-19_04-24-24,Hareket alg?land?!,1
2024-11-19_04-28-03,Hareket alg?land?!,1
2024-11-19_04-34-09,Hareket alg?land?!,1
2024-11-19_04-38-54,Hareket alg?land?!,1
2024-11-19_04-40-38,Hareket alg?land?!,1
2024-11-19_04-45-04,Hareket alg?land?!,1
2024-11-19_05-19-10,Hareket alg?land?!,1
2024-11-19_05-21-54,Hareket alg?land?!,1
2024-11-19_05-27-48,Hareket alg?land?!,1
2024-11-19_05-31-22,Hareket alg?land?!,1
2024-11-19_05-33-04,Hareket alg?land?!,1
2024-11-19_05-36-39,Hareket alg?land?!,1
2024-11-19_05-37-21,Hareket alg?land?!,1
2024-11-19_05-38-54,Hareket alg?land?!,1
2024-11-19_05-39-55,Hareket alg?land?!,1
2024-11-19_05-49-09,Hareket alg?land?!,1
2024-11-19_05-55-20,Hareket alg?land?!,1
2024-11-19_06-23-54,Hareket alg?land?!,1
2024-11-19_06-39-36,Hareket alg?land?!,1
2024-11-19_06-54-43,Hareket alg?land?!,1
2024-11-19_07-18-23,Hareket alg?land?!,1
2024-11-19_07-22-05,Hareket alg?land?!,1
2024-11-19_08-36-38,Hareket alg?land?!,1
2024-11-19_08-37-25,Hareket alg?land?!,1
2024-11-19_08-37-58,Hareket alg?land?!,1
2024-11-19_08-38-37,Hareket alg?land?!,1
2024-11-19_08-39-10,Hareket alg?land?!,1
2024-11-19_08-39-49,Hareket alg?land?!,1
2024-11-19_08-41-10,Hareket alg?land?!,1
2024-11-19_08-42-32,Hareket algılandı!,1
2024-11-19_08-44-54,Hareket algılandı!,1
2024-11-19_08-45-41,Hareket algılandı!,1
2024-11-19_08-47-00,Hareket algılandı!,1
2024-11-19_09-06-19,Hareket algılandı!,1
2024-11-19_09-06-53,Hareket algılandı!,1
2024-11-19_09-23-56,Hareket algılandı!,1
2024-11-19_09-37-39,Hareket algılandı!,1
2024-11-19_09-41-24,Hareket algılandı!,1
2024-11-19_09-42-37,Hareket algılandı!,1
2024-11-20_09-10-39,Hareket algılandı!,1
2024-11-20_09-11-11,Hareket algılandı!,1
2024-11-20_09-18-51,Hareket algılandı!,1
2024-11-20_09-20-36,Hareket algılandı!,1
2024-11-20_09-21-49,Hareket algılandı!,1
2024-11-20_09-24-01,Hareket algılandı!,1
2024-11-20_09-31-10,Hareket algılandı!,1
2024-11-20_09-31-44,Hareket algılandı!,1
2024-11-20_09-33-07,Hareket algılandı!,1
2024-11-20_09-36-05,Hareket algılandı!,1
2024-11-20_09-36-38,Hareket algılandı!,1
2024-11-20_09-37-35,Hareket algılandı!,1
2024-11-20_09-38-29,Hareket algılandı!,1
2024-11-20_09-39-59,Hareket algılandı!,1
2024-11-20_09-54-21,Hareket algılandı!,1
2024-11-20_09-54-56,Hareket algılandı!,1
2024-11-20_09-55-28,Hareket algılandı!,1
2024-11-20_09-56-02,Hareket algılandı!,1
2024-11-20_09-59-53,Hareket algılandı!,1
2024-11-20_10-00-56,Hareket algılandı!,1
2024-11-20_10-02-55,Hareket algılandı!,1
2024-11-20_10-03-36,Hareket algılandı!,1
2024-11-20_10-04-35,Hareket algılandı!,1
2024-11-20_10-05-40,Hareket algılandı!,1
2024-11-20_10-07-51,Hareket algılandı!,1
2024-11-20_10-15-07,Hareket algılandı!,1
2024-11-20_10-16-47,Hareket algılandı!,1
2024-11-20_10-21-11,Hareket algılandı!,1
2024-11-20_10-31-16,Hareket algılandı!,1
2024-11-20_10-31-50,Hareket algılandı!,1
2024-11-20_10-32-26,Hareket algılandı!,1
2024-11-20_10-33-40,Hareket algılandı!,1
2024-11-20_10-34-17,Hareket algılandı!,1
2024-11-20_10-48-17,Hareket algılandı!,1
2024-11-20_10-50-41,Hareket algılandı!,1
2024-11-20_10-51-21,Hareket algılandı!,1
2024-11-20_11-00-31,Hareket algılandı!,1
2024-11-20_11-01-13,Hareket algılandı!,1
2024-11-20_11-01-47,Hareket algılandı!,1
2024-11-20_11-03-13,Hareket algılandı!,1
2024-11-20_11-17-33,Hareket algılandı!,1
2024-11-20_11-18-38,Hareket algılandı!,1
2024-11-20_11-19-11,Hareket algılandı!,1
2024-11-20_11-31-05,Hareket algılandı!,1
2024-11-20_11-38-09,Hareket algılandı!,1
2024-11-20_11-38-58,Hareket algılandı!,1
2024-11-20_11-40-33,Hareket algılandı!,1
